"finca","costo_total","tallos_exportados","costo_por_tallo"
"Las Acacias","1.76106357627E9","42646476","41.29"
"El Retiro","1.7427408044699988E9","42336678","41.16"
"San Joaquín","1.7012865545399985E9","41357796","41.14"
"El Paraíso","1.728968013310001E9","42060426","41.11"
"La Esperanza","1.7841671834600015E9","43416750","41.09"
"La Primavera","1.7435828809199984E9","42439896","41.08"
"La Montaña","1.7416925797000022E9","42490884","40.99"
"Campo Alegre","1.7705633960300012E9","43226628","40.96"
"Bellavista","1.766085694039999E9","43137882","40.94"
"Santa Elena","1.725161931250001E9","42198084","40.88"
"Los Pinos","1.753184539429998E9","42896556","40.87"
"Los Girasoles","1.7646528923399992E9","43172112","40.87"
"La Pradera","1.7677421769699993E9","43334376","40.79"
"Monteverde","1.7476471245399995E9","42901614","40.74"
"El Rosal","1.7523804622200024E9","43095834","40.66"
"nombre",,,
