"finca","tallos_exportados","perdidas","porcentaje_perdida"
"Las Acacias","7107746","701041","8.98"
"El Retiro","7056113","686246","8.86"
"San Joaquín","6892966","662022","8.76"
"El Paraíso","7010071","663848","8.65"
"La Primavera","7073316","647699","8.39"
"La Esperanza","7236125","662165","8.38"
"La Montaña","7081814","636522","8.25"
"Campo Alegre","7204438","644338","8.21"
"Santa Elena","7033014","627843","8.2"
"Bellavista","7189647","627286","8.02"
"Los Pinos","7149426","621157","7.99"
"Los Girasoles","7195352","606084","7.77"
"El Rosal","7182639","598235","7.69"
"Monteverde","7150269","585727","7.57"
"La Pradera","7222396","591548","7.57"
"nombre",,,
