"variedad","perdidas","ingreso_generado"
"Green Moon","2517747493","1.4877885117939629E10"
"Ruby Star","2420240209","1.3151241593284267E10"
"Orange Fire","2398661820","1.174380410310537E10"
"Coral Charm","2374105552","1.3288517413596619E10"
"Lavender Mist","2370689682","1.2746674826858898E10"
"Snow Ball","2366871232","1.209158286768032E10"
"Polar White","2359552760","1.0990248146580582E10"
"Purple Dream","2328275313","1.2117455327250233E10"
"Pink Celebration","2321840573","1.1625336191276102E10"
"Golden Sun","2238002123","9.958188577290321E9"
"nombre",,"0.0"
